"","relativeN","tropicFractionI0","relativeR0","relativeTurnover","seasonalAmplitude"
"1",0.500796513742767,0.41261841532262,0.787096436690539,0.908689846539171,0.106326547011849
"2",0.503181581331417,0.424266602345742,0.869552243476268,1.3850488822409,0.211115838046535
"3",0.508043084385805,0.743906574219465,0.990798845444573,1.79139435887756,0.0806250272671459
"4",0.510016477006022,0.403235887274612,1.03607173995068,0.750748242898611,0.218975063320831
"5",0.514845394695876,0.252683417952154,0.838970043963054,1.55635836447799,0.0515677560530603
"6",0.516215004110709,0.658483788035344,1.18650684237015,1.86694282523799,0.058393336931942
"7",0.520182559814071,0.171740259912796,0.778914269914851,0.726407207559096,0.0987898366129957
"8",0.521964919792488,0.194339242771734,0.980548986360198,0.541447551876539,0.0553375934554497
"9",0.525874426783994,0.278292964517139,1.20903555659228,0.838063301078742,0.110795323536149
"10",0.528496862697648,0.339591709984001,0.8101732654511,1.06663290425274,0.138068140282412
"11",0.53282397913863,0.685020961890928,1.18241843249742,1.91964882934815,0.197891471398296
"12",0.533268579635769,0.306355638351757,0.973432932415511,1.82555337321828,0.144796817583963
"13",0.538618722559419,0.459464446327649,0.948934548658086,1.58512701525935,0.192668841840001
"14",0.541777463400969,0.168476833424997,0.833897129693767,0.80964019646775,0.122245138744242
"15",0.542137513995171,0.107564517264254,0.899476301021641,0.940475860524457,0.056676428954117
"16",0.546854338459903,0.891844271355774,0.792693096744828,1.36247229349823,0.201188432315481
"17",0.549707908271812,0.257091379596386,0.887673433684744,1.02274029165786,0.0315570121321362
"18",0.551011903480859,0.763566311030649,0.753723097944399,1.26597183831735,0.190094872889575
"19",0.556516834798036,0.0932273409166373,1.00548203320499,1.73906181822903,0.0732033111567143
"20",0.558439503386151,0.0106514412695542,0.982246759127127,1.53606235111877,0.0329051137857605
"21",0.562134922528872,0.811740039669909,0.831760232946137,1.57989307193551,0.235795427806326
"22",0.56432198743429,0.791331338297576,0.934233688388485,1.73805812883331,0.116064479018562
"23",0.567838605733821,0.597207123050932,0.793775396561017,0.921388853533892,0.231239985604421
"24",0.571224939269014,0.433789909841958,0.760525059549138,0.786004033590201,0.0366179463654989
"25",0.573044235470006,0.455718083274085,1.127637806457,0.841904611049453,0.15773018912354
"26",0.577463375611231,0.630935584928375,1.1620305842401,0.857547770203557,0.248326645380468
"27",0.580504905331181,0.383253091288731,1.23418970035529,1.06179938105354,0.163966609683819
"28",0.581686702804407,0.203117615735624,1.13229083964112,1.95593410307099,0.0999369871170493
"29",0.584336117213825,0.186131097739562,1.18491537811561,1.30929392364528,0.10263440015784
"30",0.588534233771963,0.7221029179045,0.813054759469116,1.00156871188083,0.160878783559427
"31",0.591760950168362,0.0489991429396905,1.08028130484489,0.893178733945126,0.100881379534607
"32",0.595811955016339,0.850429612294305,1.06936732283654,0.704909581602318,0.152512320012553
"33",0.598257002813974,0.531787418726832,1.1962623683014,0.82887732671015,0.219548900160473
"34",0.600049118933734,0.880972954892553,1.07396626706654,1.04469378193957,0.129942990303156
"35",0.60294062424195,0.1250301666921,0.812060906769475,1.64332522311388,0.245989159793709
"36",0.607406667810399,0.932323863415979,0.750593414666364,1.94673937826999,0.134340514077223
"37",0.608024646505015,0.488099521540571,1.02368607984693,1.68754932458024,0.107211609819438
"38",0.612040694065625,0.258909294516779,1.19780165700475,0.716316908936482,0.167895567268366
"39",0.61458474474051,0.638430913647171,1.02726125413855,1.43026109640743,0.0159865998668829
"40",0.618175800477155,0.0579529136866331,0.963054079378489,1.85020592809049,0.160230197657482
"41",0.621220669008093,0.324875890776981,0.904093991918489,1.24520323249395,0.119972880010959
"42",0.623372023926349,0.23277465308737,1.17790566114057,1.23619882244151,0.221551156683709
"43",0.62626485910872,0.460523789581843,0.959142101616366,1.97700275471155,0.244917141465121
"44",0.630197175936773,0.283609992403537,1.10556262239139,1.14350127680553,0.218187613271526
"45",0.632840382194612,0.362761958410498,1.11946097153262,1.82724764205981,0.225243364904309
"46",0.635526413060492,0.519945821650326,0.930286179300863,1.22471875484358,0.0275657410102431
"47",0.640498780831695,0.736702484147623,1.07410644764407,1.57498568743281,0.12436025082483
"48",0.641089179754024,0.845262572046369,1.24338091977732,1.08897391113616,0.150836811010027
"49",0.645953410743503,0.944202521926723,0.794509153774707,1.29288111910108,0.0297277890470577
"50",0.64894035135489,0.302479872615542,0.764503592543304,0.767789685935248,0.161406044277013
"51",0.652905556111829,0.364577699238434,0.91748294709879,0.719522322779056,0.000129416387411766
"52",0.654246649252018,0.44189132287167,0.884882739206543,1.11896585053229,0.191326144518098
"53",0.658482851966983,0.145925048940349,0.972167600872694,0.874380351629574,0.0766867676326074
"54",0.659781740523875,0.646070678603835,1.0570067007835,1.07721019920427,0.111501153262099
"55",0.664290732269874,0.10804116110038,1.20726992370444,1.47094166073948,0.103878192372737
"56",0.667734608516097,0.350137454977725,1.01628659080062,0.779453565069707,0.0657115093794419
"57",0.669746140470728,0.896979650896508,1.00319295689394,1.2522218011166,0.236429528223234
"58",0.672223449273501,0.663509522836655,0.890421499867458,0.682972500124015,0.229430759711191
"59",0.676025716645876,0.907689425295219,1.14441887851991,0.882245269935811,0.142866011062986
"60",0.679424931755289,0.617534737937152,0.876455842091236,1.18380167746963,0.123696522544487
"61",0.681660757322796,0.0589944188841619,0.945175220919307,1.84850336070312,0.0905599978745449
"62",0.684501449237345,0.478723225410096,1.18051802288205,1.45930770977424,0.0213118280076887
"63",0.688605485219508,0.0951182210380211,0.994621535264887,1.6814299747867,0.21290851423936
"64",0.689498012884986,0.554166717198677,1.21867349773296,1.57136764619872,0.105908660398913
"65",0.69423198291962,0.275022989999969,1.02628241514182,0.993463027640944,0.22437060075067
"66",0.696119895363692,0.380164803955704,1.24080356710474,1.5907609062423,0.123010920002707
"67",0.698938346528215,0.340845557242632,0.862546090273419,0.723665241673822,0.0622188711289782
"68",0.702715608655009,0.00757667302107438,1.04940841455385,1.3472301244312,0.128772902239929
"69",0.705483825928299,0.645143630142324,1.14064514442207,1.71775529391947,0.0107007770381169
"70",0.707468889838085,0.255183291911148,1.12501422782405,1.39912105859071,0.0745707894219086
"71",0.712912168549141,0.287551885199267,0.957730297954287,1.84440348775801,0.151640466823359
"72",0.715507090433268,0.355498725679703,1.16460569112469,0.770920141184004,0.174385752904345
"73",0.718393690468743,0.471608828235418,0.928184064853238,0.639889143536799,0.0280801402638899
"74",0.720920602962375,0.0264663686472923,0.93575644186791,1.55431458797469,0.153067767209723
"75",0.724115160453599,0.591924222192261,1.07012723540259,1.41967734165723,0.219468815919827
"76",0.727379745997256,0.0302081046616659,0.848084344502306,1.37366524050129,0.0811008000050206
"77",0.729462978027063,0.912897411578801,0.776639056887012,1.83914990404318,0.249042991499184
"78",0.733894333987497,0.819815162335057,1.18797620169842,1.04922556232009,0.0351634735920234
"79",0.73605524821626,0.941808367588092,1.02844901893218,0.624868371682474,0.0628997286813101
"80",0.739595604264643,0.637294258669484,0.931941246969858,1.22776264006831,0.00184977782214992
"81",0.74044883275195,0.654771893244702,0.85629343901691,0.692141601072624,0.0793495757109486
"82",0.744793456728337,0.951665003062226,1.24226927007502,0.906806470657699,0.0482181903757155
"83",0.747293781311018,0.366687381351367,1.22882811143855,1.78999706876115,0.0539030696926638
"84",0.74960131711117,0.466268411117606,1.03004893253557,1.63464171357895,0.047406234314898
"85",0.753861619863892,0.0436391904847696,0.835534793692408,0.896412570878631,0.22702641151147
"86",0.757419761981117,0.682677276852541,1.16011700796895,1.72043507054308,0.0775006171496352
"87",0.760283034511609,0.150095658197533,1.15164247970097,0.51035860333126,0.179043073239969
"88",0.761225182809169,0.491614361678716,1.1112610916635,1.99831580517371,0.122739532883512
"89",0.764298731345451,0.163882744518574,1.14935760535626,1.27230029765889,0.13674317532347
"90",0.769133374380181,0.613874569363426,1.21298637212836,1.53459085022798,0.104852104339632
"91",0.770074005132774,0.877074898891617,0.846275529538048,0.807013771820813,0.101637351489044
"92",0.7754754191963,0.104574408585671,0.796961430470459,0.523890347807901,0.237331702966476
"93",0.777700845646672,0.971735708606429,1.0522997090409,1.90343021949427,0.161625400767196
"94",0.781425375695108,0.291223039264791,0.947396900892723,1.56052538872324,0.207359509401605
"95",0.782513860373991,0.814825323485769,1.07555767443194,1.50194693254004,0.117484954487998
"96",0.785228635908104,0.852432383543346,1.23138489188021,0.967986108139623,0.170061548262718
"97",0.788543439781293,0.974892239023466,0.845500239331974,1.29183240576205,0.233013312380412
"98",0.79101105676475,0.538949092670344,0.918578123764601,0.996745830144035,0.133809099850012
"99",0.794829300984042,0.35968055663351,1.12419521049946,0.886810833428288,0.208557110165362
"100",0.797125071961666,0.20560907532461,0.968489322826266,1.03002832173789,0.0633796054681297
"101",0.801511867837515,0.264797597251832,0.860285213149851,1.41622160783154,0.116546999108745
"102",0.804018118363572,0.418257299788296,1.04302576533402,0.516018868257524,0.181076770648593
"103",0.80825106997299,0.542805577953812,1.24964225390414,1.1261956140988,0.244319626120501
"104",0.811204963159049,0.9498945603678,1.10189670807682,1.14994072323688,0.0916779325800016
"105",0.813443208116805,0.234459169449285,1.24805597406742,1.37803738770005,0.246391357286135
"106",0.817824620090891,0.0137484496277757,1.06485547766532,1.91072262762673,0.0497778558471473
"107",0.818901135472115,0.508129649634007,0.865192122329259,1.39534045948368,0.213482098475099
"108",0.821542922426481,0.594302633092739,0.87554776959517,1.74312196344044,0.0925708040118916
"109",0.825483020771761,0.352108060942031,1.22362141124764,1.56768969279644,0.185465974051738
"110",0.828447730454616,0.767518985905219,1.17334356864518,1.58688733502268,0.247826757464791
"111",0.832075016284594,0.426950613058172,1.04030970282783,0.926016908573685,0.177865032460657
"112",0.833608247622149,0.462960398733616,0.943162329408107,1.76337334723119,0.0946317630541744
"113",0.836190874658991,0.549688630078454,0.775596064247889,0.944700982589042,0.00302966109546833
"114",0.841557304474758,0.567335950655863,0.898018599647097,1.44515823515155,0.146159560042317
"115",0.843466048750561,0.992571341454051,0.97763827170874,1.49512967833877,0.182554304670193
"116",0.846597025310388,0.434390274935402,1.15937320968276,1.96371115442342,0.0952891283682547
"117",0.849414656844223,0.398071714174468,0.771586091921665,1.6239807211333,0.126075734912651
"118",0.851379775305046,0.12686461894121,1.02572132211854,0.79411114332499,0.0712580642355606
"119",0.854622608529637,0.829601908329409,1.09077825804683,0.890244513583835,0.0204845757806906
"120",0.857531062560156,0.83587396739563,0.991371853741584,1.88771829939331,0.0228490739201661
"121",0.861047438937007,0.0800354664879851,0.809827965801349,1.26380077870702,0.213872687603231
"122",0.864489067142829,0.332940313784871,0.878613161326619,1.23999019609042,0.118463510843809
"123",0.867636603636667,0.422945507653058,0.844247166023124,1.74758374040853,0.0506266329578357
"124",0.871906202269951,0.710460920124315,1.00843516600388,0.577858996770112,0.0207166988140671
"125",0.872443731426494,0.201118185689207,1.24632950651203,0.949526196630905,0.0380311323471833
"126",0.876037026015576,0.288456081306096,1.09389503254322,0.957315915992949,0.248525249113096
"127",0.87893233531015,0.00445431469194591,0.752950418150052,0.608214721448719,0.0764378860756988
"128",0.883881157537922,0.193366371548269,0.883778155671898,1.4054797559916,0.188364000281785
"129",0.884631941450527,0.266226322055329,1.0481441342521,1.77637919917959,0.102144593574456
"130",0.888245432419702,0.211924288347829,0.952660465322668,1.18531811668538,0.204627186266007
"131",0.892894672673661,0.495873142515775,1.18319684081338,0.626846253935015,0.243335877299542
"132",0.895774065584876,0.416179369545542,0.762863024533261,1.75956030422729,0.0240110801288392
"133",0.897162801007973,0.0250023514511995,0.789540850175545,0.74830485509499,0.0831021709174383
"134",0.899964339789935,0.292218717517331,1.16636873652623,1.70662789804209,0.0458375112499343
"135",0.903298344169743,0.986606197148096,1.09117340993509,1.79725625389465,0.11392934866983
"136",0.907258454231312,0.85930265854625,0.892127630246337,1.01662728017988,0.109271938615944
"137",0.909011378766503,0.823495598911773,0.950421332655475,1.10145843533031,0.240806059255614
"138",0.912723668212537,0.997792329575866,0.962533973787678,1.25467018844327,0.151213728309027
"139",0.915618915503379,0.370828087717295,0.859165249893675,1.23230489301868,0.22470862353628
"140",0.91915524989157,0.511557133224793,0.885564782802248,0.55382241721428,0.0220828737224219
"141",0.922665919778636,0.0639943049177527,0.891510799830081,1.54455468083755,0.0671995621473761
"142",0.925440118934028,0.607639245558064,0.873167058859952,0.709516475326149,0.168094039514079
"143",0.927099665330257,0.686398867236916,1.18802148089581,0.935769396560732,0.0196740153307328
"144",0.93005727940239,0.724805628859904,0.922145538425073,1.2474997895516,0.238115295309573
"145",0.934883975540055,0.393738599049393,0.852019093298819,0.664829608929809,0.104314864993212
"146",0.93713224005443,0.902178104410414,0.803358266922645,0.765210434708511,0.0924065910698846
"147",0.940069719222141,0.605287830914371,0.821803127998486,1.13892393573956,0.191723986881669
"148",0.942652804056183,0.199623761627823,0.926688673186116,1.31014025060204,0.13603574891726
"149",0.944830237712711,0.000402579880785197,1.12282321455912,1.67674502211204,0.16913952730631
"150",0.947076137352036,0.379080019563902,1.13441503514932,1.31427332943934,0.0119797110214131
"151",0.95026248608157,0.525815602416638,0.953617635331582,1.93769021094451,0.232250354464282
"152",0.953603837325936,0.795944803276565,0.77002695831703,0.982191634075716,0.186452462131972
"153",0.957113820220344,0.512923881934024,1.17400839607487,0.661638274050551,0.207887032694882
"154",0.960428313472075,0.85746054251818,0.886257668845821,0.960295528013725,0.0936961640756344
"155",0.96248991607409,0.849768553086091,1.13599866365641,1.09579531226377,0.175002129232627
"156",0.965637674529804,0.695324985801708,1.2354928012162,1.99235749053443,0.0708911118849646
"157",0.969945145612815,0.404559295258485,1.1230884348955,1.76750291988626,0.242111026079394
"158",0.973131518436829,0.532886030951049,1.11483013988822,1.16757439677441,0.150262590279337
"159",0.975831370481988,0.593650020629633,1.09939157575229,1.78290652649058,0.0577804148665164
"160",0.977584265056765,0.601908804058097,1.08301629337249,1.81937593083223,0.135080063920701
"161",0.980821030317806,0.414819734843913,0.96629724688665,1.20892189496802,0.166060548277339
"162",0.985475094155176,0.148587553152814,0.925859424612485,1.11181723953807,0.241316854716162
"163",0.987466984224739,0.184604541892186,0.95564580791397,1.59336012558895,0.208174148342572
"164",0.989211459652055,0.551509461074136,1.02919926612847,1.80922895410308,0.108088332070154
"165",0.992037151378347,0.883591738162097,0.896204993214458,1.29816984049371,0.190747354140738
"166",0.996874099762645,0.26253243296966,1.2210818942464,1.00504169447161,0.149708991555497
"167",0.999197756845271,0.546231581278611,1.17840082463901,0.820394165097503,0.187201174057671
"168",1.00390436692024,0.472705480731558,1.19182666987414,1.17754202620639,0.00232282797212247
"169",1.00601225685305,0.603423401816748,1.07727865596372,1.03186591742723,0.103252897534519
"170",1.00975333797513,0.905325299769174,1.04415649599698,1.93493836827367,0.124697854616563
"171",1.01228135025827,0.702262388835195,0.941063098816667,1.53165677424357,0.0103763435876463
"172",1.01462996134022,0.219036408040207,1.13813576550968,1.444173405807,0.0753721415312029
"173",1.0170582847062,0.869297937682364,0.829457009629346,1.23147928656102,0.0852064994918182
"174",1.0195717970191,0.719773007969372,0.965305749238702,1.09304829684203,0.0476748283803463
"175",1.02442765193991,0.967858969151974,0.986791940224823,0.53535189540917,0.121964573223609
"176",1.02554499085597,0.697995264269877,1.11633201600402,1.6984866045292,0.0215137195768766
"177",1.03078981078463,0.831194623277988,0.863055443745106,1.03402673945785,0.106953511613305
"178",1.03254504278651,0.900586574393325,1.09504358633328,1.69354916133219,0.216843573888997
"179",1.03471184192994,0.334479929602705,1.15530230802367,0.596779874260305,0.132235591718578
"180",1.03717551085888,0.284393850405701,0.974049718624447,0.589918635865673,0.071506651566946
"181",1.041253808473,0.071343738519121,0.971276033284841,0.805637397905579,0.119401068301406
"182",1.04562864993885,0.164514212735929,1.12895167463995,1.06865350329271,0.176614124448271
"183",1.0481623476746,0.357220460784622,0.854065386911854,0.846844960382208,0.00275275127450004
"184",1.04974210130377,0.747047191553283,1.03335359101696,0.758580614147708,0.245270459788502
"185",1.05478538242471,0.486354701134842,0.912063711786876,1.69687633271748,0.0647978921846952
"186",1.05545579954679,0.67934175250167,0.910624544417486,1.47452556708991,0.0914972051304067
"187",1.05910423562932,0.226041587863117,1.21149333588174,0.616693001231411,0.00626728065602947
"188",1.06323131713457,0.297117161888629,1.23876323357318,0.602265351910144,0.125309596486855
"189",1.06569832008774,0.120478738682345,0.826070130312117,1.35949922950263,0.188696421926259
"190",1.06778451512102,0.438306256266776,1.0660229348843,0.684468600490363,0.0962572971089976
"191",1.07145762357162,0.360505226404872,0.815861199885607,1.98054625473917,0.0888229582266649
"192",1.07388622615696,0.0892447835016064,0.911966395420022,1.21938867193414,0.115886380146258
"193",1.07747132491902,0.023272723629605,0.824721966654062,0.853932494878769,0.129228770561982
"194",1.08092979977024,0.667987678198609,0.954807662864914,0.679665045719361,0.018847974139615
"195",1.08309997818549,0.0908385168211535,1.24534623667342,0.635401398885064,0.241642990531865
"196",1.0873962812759,0.778363664268516,1.20420083378349,1.88417970161536,0.0122360715069808
"197",1.089077482444,0.700959625571966,0.839447997547919,1.92958224538458,0.0562465845376719
"198",1.09114784412016,0.792519769121427,0.769684657771606,1.67338672058773,0.0338141800750745
"199",1.09461690041376,0.06579825977562,1.23279463744257,0.673657853825716,0.0640415020086803
"200",1.09852965643839,0.632695400676224,0.791810984337237,1.07238769895933,0.0131386965463171
"201",1.10201594308275,0.854303656999022,0.765556404829491,1.77296432882221,0.170540387691814
"202",1.1051784616271,0.635846093112137,1.11335789720155,1.61639382763975,0.18392798346316
"203",1.10648127005924,0.101367516048253,1.01224719742103,1.73278357106191,0.0343794136059005
"204",1.11145737958536,0.965480713429861,1.17075774023123,1.16485316627449,0.0129143844282953
"205",1.11324833952356,0.174852492643055,0.866769944911124,0.581221178866923,0.00833520095783752
"206",1.11702900916431,0.468053271609824,1.0728877530084,1.8291501138648,0.148226226793835
"207",1.11999520408828,0.568495647304691,0.767465696609812,1.49005400070245,0.199345601093257
"208",1.12314841019572,0.244670191996731,0.772586131908465,0.650971498542931,0.156634726438439
"209",1.12455573774735,0.484153047031723,1.20056018478237,1.75621041621291,0.0257885890024481
"210",1.12765270157577,0.77315213998314,1.07838610879425,1.97006110842992,0.216033318120404
"211",1.13088706963975,0.0776649692272767,1.16842346339324,1.48647994750622,0.15496806699899
"212",1.13303060812177,0.640240209579468,0.938974983817898,1.80356616689521,0.114614112703945
"213",1.13652479431173,0.59998031779239,1.05473956650216,0.974467925185803,0.0309342411953257
"214",1.13953523608856,0.650113153216429,1.01702221097611,1.21354768670117,0.197305189331411
"215",1.14280710958107,0.493612116952892,1.09641693255934,0.564172619650373,0.172773462827085
"216",1.14628041853523,0.73228260360565,0.766980873098131,1.91403105886816,0.195726371662575
"217",1.15097453481006,0.112610129135195,0.969777319547953,0.823654134701239,0.196028727333993
"218",1.15107786384388,0.133048495692201,1.17553646929958,0.654521852104925,0.242538651898038
"219",1.15478664546832,0.345529286998324,0.79024212248181,1.52795022633555,0.0981222852243809
"220",1.15726049614442,0.688435445652343,0.964639325042954,1.3221965437578,0.0795541979898699
"221",1.16177338364534,0.406493702112697,0.901334562396398,0.574805155989481,0.00112014812603593
"222",1.16392682642722,0.207936954888981,0.942511534770951,0.919494481720729,0.00920863795897458
"223",1.16605151824676,0.816690526111983,1.2162706900374,1.61972266806941,0.229714567346498
"224",1.17114310731553,0.523497527488042,1.0603467978104,1.9049886152281,0.12065098053671
"225",1.17267169455206,0.529938637968153,0.834341514552012,1.11629929363402,0.155365861546947
"226",1.17694968709908,0.807897413094528,0.99932850845647,1.87556617605733,0.146729719135677
"227",1.17898826471367,0.963167556289583,1.08819227028242,0.611805426675128,0.240327667958452
"228",1.18130271089147,0.867107815435622,0.920537539061625,1.45614274796587,0.046443532694364
"229",1.18610984054836,0.764522283314262,1.17131669917097,1.27744061561534,0.206758068045368
"230",1.18836701031169,0.991161551014055,0.83749147547665,1.61520441682311,0.140021747599007
"231",1.19212655179738,0.3176334599033,1.12947444191878,1.39155334842158,0.0878292689942755
"232",1.19404921680363,0.973899741849862,1.19010945128021,0.999539679390378,0.162343110979185
"233",1.19753105823975,0.50073818737315,1.10414091278706,1.41183783326368,0.0555589647594606
"234",1.2000942746622,0.421503152661026,1.22985914041428,0.542844074884662,0.0445043088605162
"235",1.20472836667625,0.847634783916175,0.987907580438768,0.686416731724516,0.0251562272936571
"236",1.20551005479647,0.995900482685305,1.04595250630705,0.700373976037605,0.0801422914067516
"237",1.2088237031796,0.315493601005059,0.858720192573499,1.01333579273988,0.0785877066532848
"238",1.2113331825796,0.671323964178562,1.11521420067735,0.618383967855945,0.168849239758798
"239",1.2153456303915,0.189765621594619,1.12162174087926,0.629817106639268,0.221079911718494
"240",1.21721108810324,0.179174196127802,1.20296822055872,0.728879830580438,0.230008016326465
"241",1.22144510311494,0.4369781120806,0.94454966145684,0.930563599798363,0.0357681418488501
"242",1.2238112976444,0.781194442728069,1.17950410796655,1.29755654948112,0.0334605454768753
"243",1.22678575691814,0.248548797132913,0.921077876935713,0.593810823084088,0.192375505314907
"244",1.23068746013846,0.557622686586343,0.98547495213151,1.10461434854171,0.10127522285562
"245",1.23341931296699,0.740918716795277,0.893886572128395,1.8122420942653,0.236790953707532
"246",1.23552391384239,0.58816130276164,1.22081400983362,1.44948574032565,0.206174808827927
"247",1.24091532680904,0.843093513488304,1.05908638014714,1.19750548691046,0.057062420696253
"248",1.24107431658404,0.0698283974006772,1.00484788771463,0.556030361205805,0.0588629728829255
"249",1.24417743983516,0.0517256604065187,1.04217432615208,1.1356636698111,0.0979760951770004
"250",1.24876528387563,0.916027312464546,0.967758093961747,1.72307919228217,0.235132514082943
"251",1.25032625742885,0.775605250624008,0.864689531091368,1.08135834718077,0.211862632021192
"252",1.25565076822368,0.385868644095957,1.15031103624636,0.738230271919863,0.16478629496973
"253",1.25756410860573,0.91911864702357,1.02492155194818,1.84337316660839,0.193784821919282
"254",1.25984919415857,0.477174790726975,0.855743869252037,1.33860697759804,0.0387219328500796
"255",1.26336782939127,0.909554629741702,1.10791232782323,1.79911813108856,0.113025821051095
"256",1.26725453696842,0.0981822622576728,0.868987529197242,1.5700412377324,0.0847938896673732
"257",1.27014548205119,0.0349073050371371,1.02155409142026,1.75109999298397,0.210557494184468
"258",1.27249484362989,0.5839158307896,1.14146272415831,1.2822577908875,0.134501032696455
"259",1.27653590631415,0.873031224384904,0.880460147709586,1.95856259236787,0.052727582237334
"260",1.27908939065272,0.937843020243105,1.20808837379701,0.861851560683921,0.166666734803701
"261",1.28138173459284,0.515884966092184,1.10834001883934,1.32966624667798,0.0678633689507842
"262",1.28464939415967,0.142400109017733,0.984030576841906,1.64655685064755,0.0372812882941216
"263",1.28794554155436,0.0602438825620338,1.12612647639192,1.46140291058901,0.128126687960816
"264",1.29008504979871,0.575279858101625,0.993008363549365,1.87346517102048,0.226817950716242
"265",1.29389113285439,0.776229455541819,1.18163895751,0.586892581946217,0.0726099251088453
"266",1.29715210608696,0.372412088574842,0.996747558827978,0.642683955930872,0.0147446856501047
"267",1.30072264342336,0.720327987749595,0.751529050474754,1.87737300354871,0.231912436061422
"268",1.30196837653755,0.581437291032635,0.998007646767423,1.02106198772672,0.230707851124462
"269",1.30648169902922,0.054867970213294,0.924220716202632,0.953353663219372,0.0868129542730749
"270",1.30980529393675,0.754366897526663,0.805611261307029,0.550502748991596,0.0245752831724239
"271",1.31261423730874,0.214569545936771,0.800932608923176,0.816598315233598,0.158505432694452
"272",1.31360273720394,0.0459854054390453,1.0979542096362,1.19515351604321,0.234368962710607
"273",1.31826473418577,0.30801638711663,1.05153864505538,1.32047312381235,0.12766240847914
"274",1.3190594350046,0.506525320998393,0.806847091624746,1.51924306992348,0.0684804209417198
"275",1.32361257443088,0.674006133876275,0.903691187600605,1.02731224583602,0.0349262925067451
"276",1.32737749246042,0.497018422413617,0.814469014999922,1.48884447853942,0.156485320087057
"277",1.32911028910265,0.820405730683822,1.03523135488364,1.76041992224636,0.178505275421077
"278",1.33105861181999,0.628071889413986,1.00939498167206,1.40156675727665,0.194442149372539
"279",1.33556711355504,0.578043609329034,0.906063814096618,1.28431847039261,0.165434011857025
"280",1.33800169797847,0.110254546293523,0.956720164878992,0.690176910916576,0.0723542636323255
"281",1.34044179918268,0.726022488000803,1.08602643049578,1.34450526760495,0.0393214656757191
"282",1.3435409221719,0.400701837704983,0.936974394569639,1.33689914144902,0.118886724224198
"283",1.34668233549478,0.0285747228870168,1.06151392300497,0.561993966240436,0.0179134217931423
"284",1.34953945245198,0.577023447895888,0.785883682114538,0.830655441345414,0.227850718048983
"285",1.35237968507526,0.661115377868526,1.21385095880157,1.37901044945884,0.0114942034833366
"286",1.3560799073719,0.669610110155772,0.877486280115554,0.507284862382105,0.205247171250638
"287",1.36065193337388,0.541772619634867,1.22738392525772,1.85972798922146,0.121340372723178
"288",1.3638658528917,0.1679031816856,0.951497595328139,1.49636196846864,0.0858025650110794
"289",1.36461488628574,0.714795433912892,0.849904629877768,0.513814424602548,0.159091611529118
"290",1.36746857880731,0.429411812947132,1.23375244969735,1.96935498800175,0.220439186774543
"291",1.37261538837105,0.00904752337979153,0.825223597677192,0.697697801415343,0.111190864440519
"292",1.3754932523414,0.321983379529323,0.97698233078816,1.52587222845852,0.0451497596045956
"293",1.37880170419673,0.323435873499606,1.11289757793606,1.20558678266127,0.189276774256723
"294",1.38189644676913,0.946523693005089,1.0710411953961,1.77987142013875,0.186717380938469
"295",1.3821753694932,0.147078597605694,0.909155914530624,0.545264812771464,0.0421467424192233
"296",1.38625801676605,0.785470349756069,1.10907607813459,0.774810313484399,0.100079973449931
"297",1.38822252994031,0.161110535197891,1.01435670724162,1.16134472583816,0.174692191902199
"298",1.39305255187256,0.446385119529907,0.818556104026269,1.10654399225977,0.239040081225336
"299",1.39402158698672,0.952483966000378,1.01137997035566,1.15445895258198,0.0163947386315558
"300",1.39722567955288,0.68120092983637,1.06565337935649,0.648983910119161,0.200503819863661
"301",1.40207084457157,0.98822890193155,1.03820112918224,1.79448641721741,0.139850310957874
"302",1.40365005261358,0.760909128114581,1.06772746997559,1.45282736706291,0.115209987108363
"303",1.40866565258871,0.30171656061057,0.888130746210925,1.18922315215436,0.061040595668368
"304",1.41017572313803,0.152167886586394,0.960297310340451,1.97346179116447,0.0823440237268805
"305",1.41275709852343,0.138258781998418,0.871427553628571,1.72800268138596,0.171366454680101
"306",1.41644443492987,0.874909584188368,0.823670858354308,0.824710884025088,0.159600458613597
"307",1.41919270532299,0.246145111015532,1.14731197858625,0.875872447443893,0.152332859198679
"308",1.42114408020978,0.565726775560528,1.15886428198125,0.914291744562564,0.137533149605617
"309",1.42693548951764,0.239508356593549,0.832076092432719,1.35794264082611,0.0408651744312374
"310",1.42890322356881,0.910049423687626,1.00076561841252,1.69093790878006,0.200216685924795
"311",1.43171365339449,0.730708991985302,1.1188420747458,1.62529903922882,0.0902360962668899
"312",1.43466089885193,0.51616254800465,1.15409184313705,0.520801453565247,0.0931281319534173
"313",1.436806922402,0.801610980944708,0.992484439052409,0.75610849109292,0.202093750287313
"314",1.44017042669165,0.559708004008513,1.23929698576033,0.52561897624773,0.178143037625705
"315",1.4423793824201,0.480926756004803,1.13623743057158,1.00990240329667,0.21415503585909
"316",1.44640676937345,0.230578278662637,1.06861098081106,1.178352957102,0.0870524103350472
"317",1.44858918393962,0.552266427293886,0.811597395134158,0.745218472788576,0.000872330742422491
"318",1.45122138890414,0.878249289839529,1.17693872343865,0.902636541996384,0.0183906554253772
"319",1.45525750513258,0.0209301559100859,1.07985369952978,1.51412323771347,0.0174446176721249
"320",1.45868796144403,0.396397516806144,1.21043747065286,0.789655532812001,0.0740393672841601
"321",1.46140855323104,0.114905021830462,0.82223292344017,0.969697394335177,0.173712602762505
"322",1.46538801634917,0.709684521504212,0.781337928162888,0.528201593551086,0.0468765777869849
"323",1.46707800898398,0.475621758015361,0.820419309278717,1.50268682614132,0.061742465564399
"324",1.46932413313678,0.0337260357127525,0.92731754174456,0.988688573993975,0.0606484339316376
"325",1.47487368913996,0.00383986464608461,0.907541530278977,1.32572745133657,0.0896506017914507
"326",1.47533199780318,0.0462867559376173,0.932113596334122,1.19196583407768,0.00539490920188837
"327",1.48010975696752,0.693553362757899,1.24740760545456,0.666194368239492,0.205980869180174
"328",1.48233575240383,0.934508284740616,1.04112639848283,0.670462531471858,0.239688389048562
"329",1.4844245417947,0.182237616939936,1.0020733133282,1.09766851368407,0.212205780377961
"330",1.48708859058586,0.395764370130375,1.16954840713949,1.04632273615361,0.015270620010444
"331",1.49192174252402,0.751346712727565,0.841068602907937,0.89914724324178,0.144428589882678
"332",1.49480829413515,0.728336096383631,0.861395513518946,1.08429490881576,0.228397212255397
"333",1.49828083338961,0.313340300400741,1.19975796145783,0.73199941678904,0.141041014795541
"334",1.50103660717933,0.805738766127732,0.905137284864439,0.620912879297277,0.0599735487252474
"335",1.50228890761803,0.664264299619943,0.93761892742943,0.782656928153243,0.0941787134155165
"336",1.50507498906623,0.976249104415532,0.754685929946601,0.646603322045878,0.232766102706199
"337",1.51010070465738,0.587623942432459,1.10628120835335,1.62849251419376,0.0139783051982522
"338",1.51148236301541,0.154179698891472,0.827568593741162,1.61040475945198,0.210276550212875
"339",1.51404025749583,0.691844036205672,1.20684610005748,1.71056121015479,0.0140355730295414
"340",1.51992981451866,0.735815037600696,0.933037457925966,1.22244533788273,0.147357595123467
"341",1.52177459998312,0.442808091074228,0.786112257254776,0.972494417333277,0.112873919624952
"342",1.52429779789737,0.923084317602683,1.01572077322728,0.580655452144332,0.00409393072128296
"343",1.5289124294254,0.0535489853438921,1.15336949062161,1.60395707381726,0.00868426546803676
"344",1.53076643017004,0.208627991721034,1.21486768181459,1.98641566245607,0.172061107140034
"345",1.53346619899757,0.527033169931266,0.900032673891867,1.70177888076287,0.0756459972053999
"346",1.53501859219628,0.343471487851813,0.923172768252669,1.46493445609906,0.0817926577115431
"347",1.54026335839764,0.584722367663868,0.870982625021134,1.17006032778672,0.031282552238903
"348",1.54270197253418,0.157610119930003,1.13179504262935,1.8147096554623,0.177388500786154
"349",1.54603681796743,0.452221557898913,0.804426870618481,1.12247244700231,0.148734666591161
"350",1.54792334927293,0.648757162999827,0.995060240335297,1.98906151290541,0.132615109081962
"351",1.55236235180055,0.0182701714984141,1.19821439008671,1.20218815289857,0.225571089175763
"352",1.5545742076179,0.464862421248108,0.914175313074607,1.39096785080316,0.0880771356949117
"353",1.55714773104945,0.572938157408033,1.11018067884678,1.48347280036495,0.189731161717675
"354",1.55925874493644,0.739645753048826,1.06353156760382,1.4258030844212,0.145999276270391
"355",1.56387034904049,0.862922133606393,1.03787154317973,1.98218782479037,0.176040059029707
"356",1.56783002766385,0.116981533446349,1.20506363119162,0.591714052319992,0.24997930666653
"357",1.56924266538792,0.788340127876494,1.00147407248733,0.761337808561046,0.22072196064482
"358",1.57366180682834,0.653448459947016,0.857305836478248,1.90802788904053,0.110157961733756
"359",1.57599935038388,0.0960263187903911,1.19532581937592,1.53906793113612,0.163187000417267
"360",1.57846885870676,0.62642896590149,0.836139842784731,1.13948626784026,0.127181676165899
"361",1.58010859960527,0.269930444595404,0.882173674615799,1.67213095513452,0.0691798057014821
"362",1.58397378450097,0.978157854370773,1.10231073606689,1.04134268215136,0.209037700017099
"363",1.58625732141966,0.642997573268134,0.816755946729798,0.571310647108825,0.1849060972234
"364",1.58910959246964,0.619936231503729,0.840951436958043,1.68203188744886,0.133467152565834
"365",1.59262040614337,0.94245319607947,0.958574415172683,1.35217178597464,0.184160011370666
"366",1.59775038875849,0.13178540131636,1.13021279556816,1.93260399783705,0.215072849805001
"367",1.59823031878052,0.346408920045476,1.12064298944478,0.559390290406998,0.049165323648951
"368",1.60281026549032,0.311665105001535,0.795548755556345,1.89769476151629,0.157207836133079
"369",1.60479488923005,0.375806287588086,0.807294870916056,1.26072514803545,0.0514293227356393
"370",1.60751642885176,0.827680437207688,1.10336832034565,1.34966313646617,0.183114853647538
"371",1.61139065807173,0.229869019705802,1.19365371035342,1.44104472797713,0.246736362346914
"372",1.61593250622367,0.839222647136543,0.842255732921185,1.214295175754,0.149140928706271
"373",1.6183575769593,0.759231109814253,1.22248603298375,1.5993850086194,0.0783527962610824
"374",1.62159665807313,0.083676023197826,0.802969883199781,1.83744452106836,0.00729271851689555
"375",1.62245130684949,0.782702949773986,0.773221465602983,1.54221691801213,0.026274965389166
"376",1.62785682249675,0.276503628685139,1.21920081001078,1.33283906716597,0.0971143107181415
"377",1.62918618656043,0.0155366378063336,1.23724929732154,1.05925262394943,0.147830330130528
"378",1.63375711632892,0.136594914045185,1.08193313448364,1.36853982137702,0.00966553204751108
"379",1.63683987436607,0.0676493656882085,1.09894835742936,0.850235522362636,0.114330159182078
"380",1.63759341828013,0.216063241866883,0.97887878426793,1.48095365052228,0.0379924950940767
"381",1.64141212722287,0.260024960760493,1.1002472297952,0.752061430548551,0.185586251066532
"382",1.64347381938482,0.560179844779428,1.08497339934343,0.503224471006775,0.16437961375434
"383",1.64854965855158,0.237240200473927,1.0871784112684,1.95132328902488,0.0238432271623751
"384",1.65074066418363,0.615644488651771,1.05302056356124,1.4148162206437,0.0652854852855671
"385",1.6520989635312,0.870346641903277,0.949626669648802,1.30463891036389,0.0190616573875304
"386",1.65717566316877,0.140896702292375,0.850848623808473,1.94506979064643,0.1422745007294
"387",1.65930417394545,0.298776221703738,0.939652948077768,1.89198309637583,0.217565306008793
"388",1.662281918013,0.0755500107156113,1.22483526310953,0.933563705837121,0.0966211752954405
"389",1.66573737446475,0.377100730103441,0.975978205150925,1.65897005728516,0.223838070959086
"390",1.66735950842896,0.411903063009493,1.19470784499752,0.854665204614168,0.0666329609154491
"391",1.67234187987586,0.921839404277038,0.777299534785096,1.71278136320412,0.043075481930282
"392",1.67393347719777,0.213113548174966,1.03426611523097,1.86439683165681,0.228545541991363
"393",1.67649488572893,0.0785506780138239,1.23057212160155,0.81218296706886,0.198788558744011
"394",1.68119690287649,0.609546072781086,1.14513240245497,1.27033893379266,0.204254000486108
"395",1.68248151203361,0.103753663708456,1.16760527197854,0.703111117531313,0.0361969276149757
"396",1.68570685716323,0.451524889699649,1.09258782671322,0.656182195164729,0.0439932170340326
"397",1.68818582060887,0.840785218963865,1.18914795423532,1.30171400294383,0.131990395292989
"398",1.69239050144819,0.938367489140015,1.24192080775835,1.72401620305143,0.187532849248732
"399",1.69413205720508,0.502656681540422,0.756444264769554,1.80609616724076,0.00784058957337402
"400",1.69763121951791,0.0401051440713927,0.889855684497394,0.792218356552767,0.196550417353283
"401",1.70217000842397,0.159172816651408,0.801903209056938,1.50982203370752,0.130866519166855
"402",1.70536574198771,0.0374459254224785,1.04630761882314,1.90088342080265,0.0232291096257977
"403",1.70814705242519,0.892468280385248,0.913998381458921,1.37140861518588,0.22316728113615
"404",1.7091262877218,0.980673261814285,0.75530443096091,1.63754493890284,0.00383187936386094
"405",1.71445252710953,0.89410170684848,1.15249804286705,1.83238395186071,0.1359524074418
"406",1.71704037041985,0.999357759453822,1.22532946399855,1.1135994279033,0.0500742665539728
"407",1.71857758915937,0.368325660026167,0.830609131004196,1.88090632508695,0.175598926439416
"408",1.7218897807796,0.982737715415191,1.2261960068685,0.889142330546398,0.194988985969452
"409",1.72526506182062,0.190460560083855,0.759371273196535,0.567290346229682,0.154486178722931
"410",1.72913503788272,0.544290518589318,1.07688385201688,0.801361364100361,0.00672538769233506
"411",1.7310962014501,0.959445056913886,1.14278902172623,0.979482571250759,0.181863470660057
"412",1.73358925732598,0.610855780657381,1.15616749904375,0.912547166307457,0.108638360020239
"413",1.73611673165089,0.326333772374317,0.881250934144482,1.94141474616388,0.179530607393943
"414",1.73943227195879,0.445748237646651,1.11713256600825,1.7054675449864,0.169672704088269
"415",1.74368622193299,0.0386204146393575,1.02046932670847,1.42138087843684,0.182425796625903
"416",1.74726446501492,0.71769961475255,1.24412243349128,1.13072004797659,0.0544715325696161
"417",1.7492692454597,0.749335799061693,0.799846863774583,1.96641289524175,0.0839237745060818
"418",1.75374821223039,0.899851965770125,0.819839288837975,1.17392320252652,0.226459941900684
"419",1.75416570055578,0.128553687434178,0.997022790684365,1.55166308218474,0.0685322744032601
"420",1.758265057754,0.271481450194493,0.919312596497359,1.03916844038223,0.0418815530099673
"421",1.76105723134056,0.537334962858353,0.946890713745262,0.880989622465568,0.0955381635477534
"422",1.76417302916851,0.832733103663661,0.940575648768572,0.634648240235401,0.0863320505053271
"423",1.76629262165679,0.824389214114752,1.01077331552259,1.85499939921545,0.0772201394366566
"424",1.770087428784,0.96842511144327,1.03264346972597,1.4079862504499,0.167137900786125
"425",1.77330507416464,0.119420221919194,0.768975668150466,0.924746708087623,0.140915444950457
"426",1.7773077469347,0.770737526349258,1.05810823617224,1.42840702129225,0.141776601881604
"427",1.77841698540351,0.224038880336564,0.779960878150305,1.66893338000588,0.203658336450695
"428",1.78322806477803,0.250536657746416,1.21752395618637,1.73488703121478,0.203333570275223
"429",1.78541661091591,0.135574807937723,1.20134068987821,1.64012215270544,0.0703480030370411
"430",1.7870909228602,0.24133213028824,0.783383488590363,1.86998328532442,0.0893921102717286
"431",1.79242981579877,0.677860162673984,1.13998027628497,1.59669014574983,0.201798416644684
"432",1.79472175508994,0.482647762966342,0.981089321199106,1.6619706756433,0.120378314124653
"433",1.79650430600531,0.798019328737631,1.20379510943079,1.54959624837129,0.195227203156683
"434",1.8003776458418,0.930922807435039,0.988176839064108,0.713437204170972,0.22265085078124
"435",1.80233614532952,0.431402830522042,1.19201754680392,1.50793412356428,0.234549968387582
"436",1.80730291326018,0.329505614822265,0.872811819004128,1.14765757571138,0.105028862932115
"437",1.81061339101032,0.656207523634657,0.774096261763247,1.60611175216781,0.107883327733143
"438",1.81264557968476,0.961235120003112,1.01840449812845,0.735681687928969,0.0604084282832919
"439",1.81415943905897,0.331336213845294,0.929590811084956,1.99421047133976,0.0396549973345827
"440",1.81980149221141,0.796917034108657,1.04706747025391,1.582237045791,0.0699411185730714
"441",1.82294508602493,0.957837748692837,1.05659183648881,1.89389911518106,0.14524411195179
"442",1.82545411677379,0.085185590996407,0.797706509652548,1.12889611293911,0.0533267410191475
"443",1.82853312510299,0.087096939955838,1.03150359413936,1.05333929382986,0.139252704664483
"444",1.82952079410013,0.954053832302801,0.989073569464032,1.52211075113597,0.0661557735278038
"445",1.83374116632179,0.885168486812618,0.902772820300655,1.47722291673464,0.0440618721279316
"446",1.83518023951934,0.624211245210841,1.21547468687803,0.67596697696764,0.0547023487859406
"447",1.83937624083436,0.745107680393383,1.14836506574904,0.866294661761029,0.0487041726105381
"448",1.84290739304386,0.706332107073627,0.817306916998699,1.43829197563441,0.0290815934999846
"449",1.84568033911381,0.786424397918861,1.06262269515102,0.532921272391221,0.1558099065118
"450",1.84871904984815,0.534283207812812,1.14335748837003,1.78454246042855,0.237978667892399
"451",1.85163266018732,0.348782845783047,1.05529520531883,1.92232981695561,0.1438521719235
"452",1.85453326188261,0.0722597985658795,0.853872439474566,1.6524926984203,0.202592331514461
"453",1.85727750188997,0.28065577385528,0.897838858884526,0.537765284353402,0.0638994773782324
"454",1.85916041276092,0.181850038367789,1.13799856081652,0.983206659095129,0.126849316997104
"455",1.86384400309762,0.768033839893527,0.808722116623772,0.600290602541296,0.209571188093629
"456",1.86638903630199,0.387674487650394,0.851861742002424,1.28826356514217,0.117592865359038
"457",1.87011174954497,0.563079835239332,1.16581873090495,1.65506752362219,0.143415494083893
"458",1.87224366952665,0.925395935673267,1.23681722175679,0.989696254485985,0.112264479032252
"459",1.87527897103503,0.887840318151284,0.916544922809349,1.05745996369119,0.125831577328034
"460",1.87797261324176,0.448446754292119,0.983489354353398,0.951465282715159,0.0842757850745693
"461",1.88059135459969,0.391345286408439,1.16347372620087,1.85732717491523,0.0410362566381227
"462",1.88459651920409,0.704054315828718,0.879932520793751,0.500846723636612,0.0524318782080663
"463",1.8883736595097,0.0161452041906305,1.05040641195234,1.27494746607658,0.0591642368093599
"464",1.89059361465531,0.336082479054574,0.895063203705475,1.43572089400352,0.247334074907703
"465",1.89333193986234,0.623891729928553,1.01900453233486,1.25880648410483,0.21725156652357
"466",1.8961018569367,0.812342057914007,0.758248867402086,0.871211351217702,0.0320308120372938
"467",1.89876182017452,0.836834059976041,1.13366143461084,1.74857910325658,0.243991768653621
"468",1.90268696789164,0.123402658834122,1.16152488799719,1.46898620982189,0.215596276927507
"469",1.90627632497344,0.504484445977956,0.874676597034093,1.82127562771598,0.138502773073502
"470",1.90793780122465,0.273399354651105,1.09445010044542,1.511069364856,0.162606275033206
"471",1.91164706728258,0.75359015048435,1.1856479805829,1.60781049443455,0.0304980811218265
"472",1.91416280226177,0.223806185273454,1.08500362690631,1.9171581645254,0.158360968244029
"473",1.91806830980093,0.672854416952934,1.15759091080981,0.778293408195255,0.171927035724279
"474",1.92051025353884,0.521445532840211,0.867314431360224,0.843377224333351,0.0828974496253068
"475",1.92430285862833,0.196225823417306,0.970669787577121,0.963083837239072,0.238920349860098
"476",1.92688809762336,0.888346436691936,0.979193456475856,1.20090050048265,0.173052672863938
"477",1.93033213828621,0.38946787513094,1.00797858246951,0.865266762164887,0.137050217581098
"478",1.93373741869093,0.173964318303857,1.17223258859012,1.24151112454175,0.0739417210938409
"479",1.93447138489457,0.699976355657447,1.08245897575864,0.605621441890253,0.222336336703389
"480",1.93732306159078,0.295409721331205,0.757083001977997,1.63333010310354,0.153965324701858
"481",1.94139348202781,0.456834275851958,0.782192224385682,1.66653019190906,0.00571004462207202
"482",1.94526337998523,0.865940516591072,0.961811524448683,1.15902679709694,0.214746014201548
"483",1.94621829191386,0.802242280112114,0.915957425948698,0.7417366761663,0.0990506274866639
"484",1.95112994107581,0.220903779840097,1.08901319888304,0.834140551982215,0.0428645876999944
"485",1.95297640319052,0.713967024563812,0.908740546782035,1.3647791472699,0.180939911527093
"486",1.9553205570376,0.756151089428458,0.843632550301263,1.92710995682492,0.0268609120817855
"487",1.96033939694241,0.319334988272283,1.0137731374125,1.77048998667113,0.0286642865717877
"488",1.96305047212611,0.24305165983038,0.780588775735116,0.799952230321243,0.027149943681201
"489",1.96455494544446,0.621588722732384,0.784145531502087,1.01131707731821,0.109525556378067
"490",1.96951708103041,0.571323333949782,1.02270110168215,1.65082108778181,0.0168520128551172
"491",1.971393163139,0.92871892841626,1.14641513197939,0.71104755740962,0.233727997614304
"492",1.97541139441449,0.984551010291558,0.89418418652215,1.08793209408689,0.130344703987474
"493",1.97749714372191,0.176099725781009,1.00608989766915,1.15262162631145,0.165834200198413
"494",1.97985621276195,0.914437434929423,1.03925328525971,1.07390315733105,0.193298434665543
"495",1.9834488548527,0.408705307413358,0.847167309412733,1.56230504584103,0.180368887340184
"496",1.98621663839463,0.498253741357476,0.763787127170479,0.942976852406515,0.0049048753536772
"497",1.98897155595897,0.926173476194963,0.798699526706245,1.31696050246805,0.198337641532184
"498",1.99277300621942,0.304879189587664,0.828985029681586,1.38354366271524,0.13125367637421
"499",1.99556626061187,0.809268143958878,0.761335525341099,1.95387312275893,0.199883981111809
"500",1.99896199983545,0.861007455834188,0.788939054950839,1.34142420319491,0.0402416979989503
